ID,Category,Date,Number of Crimes,Crime Resolution Percentage,Label
ID_1,Type C,2018-01-01,902,99.37,Positive
ID_2,Type C,2018-01-02,307,433.72,Neutral
ID_3,Type C,2018-01-03,776,120.8,Neutral
ID_4,Type A,2018-01-04,259,159.6,Neutral
ID_5,Type B,2018-01-05,941,467.94,Positive
ID_6,Type D,2018-01-06,508,300.88,Negative
ID_7,Type A,2018-01-07,302,357.04,Neutral
ID_8,Type D,2018-01-08,768,411.63,Positive
ID_9,Type A,2018-01-09,60,141.87,Neutral
ID_10,Type B,2018-01-10,926,267.81,Negative
ID_11,Type D,2018-01-11,426,426.75,Positive
ID_12,Type D,2018-01-12,882,128.37,Neutral
ID_13,Type A,2018-01-13,795,465.55,Neutral
ID_14,Type B,2018-01-14,284,327.48,Positive
ID_15,Type D,2018-01-15,174,217.92,Positive
ID_16,Type C,2018-01-16,526,467.76,Positive
ID_17,Type D,2018-01-17,293,192.06,Positive
ID_18,Type C,2018-01-18,459,322.8,Neutral
ID_19,Type D,2018-01-19,56,237.42,Negative
ID_20,Type D,2018-01-20,607,371.71,Negative
ID_21,Type D,2018-01-21,378,22.52,Negative
ID_22,Type D,2018-01-22,561,361.04,Negative
ID_23,Type D,2018-01-23,435,85.75,Neutral
ID_24,Type D,2018-01-24,799,443.79,Positive
ID_25,Type D,2018-01-25,323,134.29,Neutral
ID_26,Type B,2018-01-26,765,139.68,Negative
ID_27,Type D,2018-01-27,670,298.91,Positive
ID_28,Type C,2018-01-28,180,361.01,Neutral
ID_29,Type A,2018-01-29,972,366.66,Neutral
ID_30,Type C,2018-01-30,852,164.7,Negative
ID_31,Type C,2018-01-31,632,296.07,Negative
ID_32,Type D,2018-02-01,547,354.87,Negative
ID_33,Type D,2018-02-02,633,13.28,Neutral
ID_34,Type C,2018-02-03,726,248.16,Negative
ID_35,Type D,2018-02-04,991,464.14,Positive
ID_36,Type D,2018-02-05,674,103.24,Negative
ID_37,Type C,2018-02-06,136,130.31,Neutral
ID_38,Type C,2018-02-07,814,168.49,Neutral
ID_39,Type B,2018-02-08,335,282.52,Positive
ID_40,Type B,2018-02-09,163,159.79,Neutral
ID_41,Type C,2018-02-10,716,90.99,Neutral
ID_42,Type B,2018-02-11,318,16.09,Negative
ID_43,Type D,2018-02-12,358,360.96,Neutral
ID_44,Type B,2018-02-13,500,42.64,Positive
ID_45,Type C,2018-02-14,986,451.99,Neutral
ID_46,Type C,2018-02-15,628,173.85,Negative
ID_47,Type D,2018-02-16,702,92.69,Neutral
ID_48,Type C,2018-02-17,347,51.96,Negative
ID_49,Type D,2018-02-18,79,318.33,Negative
ID_50,Type C,2018-02-19,274,373.09,Neutral
ID_51,Type D,2018-02-20,397,52.4,Positive
ID_52,Type A,2018-02-21,272,165.21,Negative
ID_53,Type A,2018-02-22,729,319.66,Negative
ID_54,Type A,2018-02-23,783,135.71,Neutral
ID_55,Type D,2018-02-24,307,152.2,Neutral
ID_56,Type A,2018-02-25,62,276.36,Neutral
ID_57,Type B,2018-02-26,487,482.2,Neutral
ID_58,Type B,2018-02-27,91,48.2,Negative
ID_59,Type C,2018-02-28,642,483.83,Negative
ID_60,Type B,2018-03-01,169,28.05,Negative
ID_61,Type C,2018-03-02,240,481.3,Negative
ID_62,Type B,2018-03-03,253,492.43,Positive
ID_63,Type A,2018-03-04,724,145.65,Neutral
ID_64,Type C,2018-03-05,15,281.94,Neutral
ID_65,Type B,2018-03-06,22,70.51,Negative
ID_66,Type D,2018-03-07,317,111.28,Negative
ID_67,Type C,2018-03-08,804,281.15,Neutral
ID_68,Type B,2018-03-09,453,352.14,Positive
ID_69,Type B,2018-03-10,61,332.68,Negative
ID_70,Type B,2018-03-11,188,385.62,Positive
ID_71,Type A,2018-03-12,132,340.81,Neutral
ID_72,Type A,2018-03-13,845,23.99,Negative
ID_73,Type A,2018-03-14,353,391.58,Positive
ID_74,Type D,2018-03-15,3,256.97,Neutral
ID_75,Type A,2018-03-16,692,457.98,Neutral
ID_76,Type C,2018-03-17,705,63.73,Positive
ID_77,Type A,2018-03-18,440,250.74,Neutral
ID_78,Type B,2018-03-19,78,357.12,Neutral
ID_79,Type B,2018-03-20,686,333.72,Neutral
ID_80,Type C,2018-03-21,596,251.47,Neutral
ID_81,Type A,2018-03-22,543,89.96,Positive
ID_82,Type A,2018-03-23,17,488.54,Neutral
ID_83,Type A,2018-03-24,585,211.17,Neutral
ID_84,Type D,2018-03-25,22,428.78,Negative
ID_85,Type C,2018-03-26,483,65.25,Neutral
ID_86,Type A,2018-03-27,263,455.31,Neutral
ID_87,Type D,2018-03-28,402,89.98,Negative
ID_88,Type A,2018-03-29,158,74.29,Neutral
ID_89,Type C,2018-03-30,72,381.4,Neutral
ID_90,Type A,2018-03-31,684,481.49,Neutral
ID_91,Type C,2018-04-01,809,401.42,Negative
ID_92,Type D,2018-04-02,32,474.09,Negative
ID_93,Type B,2018-04-03,125,276.43,Negative
ID_94,Type C,2018-04-04,408,374.67,Positive
ID_95,Type B,2018-04-05,74,225.87,Negative
ID_96,Type A,2018-04-06,606,114.66,Positive
ID_97,Type C,2018-04-07,347,97.07,Negative
ID_98,Type D,2018-04-08,783,211.15,Neutral
ID_99,Type D,2018-04-09,579,432.13,Negative
ID_100,Type C,2018-04-10,586,140.5,Positive
ID_101,Type B,2018-04-11,240,428.05,Negative
ID_102,Type D,2018-04-12,765,405.28,Neutral
ID_103,Type A,2018-04-13,558,375.64,Negative
ID_104,Type B,2018-04-14,882,154.46,Negative
ID_105,Type D,2018-04-15,242,94.41,Positive
ID_106,Type A,2018-04-16,353,428.89,Neutral
ID_107,Type B,2018-04-17,107,72.18,Positive
ID_108,Type B,2018-04-18,367,214.61,Positive
ID_109,Type C,2018-04-19,509,424.67,Negative
ID_110,Type B,2018-04-20,540,464.63,Positive
ID_111,Type D,2018-04-21,817,407.09,Neutral
ID_112,Type B,2018-04-22,75,232.1,Neutral
ID_113,Type B,2018-04-23,935,184.19,Negative
ID_114,Type A,2018-04-24,826,104.32,Negative
ID_115,Type D,2018-04-25,514,278.09,Neutral
ID_116,Type B,2018-04-26,273,58.23,Neutral
ID_117,Type C,2018-04-27,524,441.46,Positive
ID_118,Type D,2018-04-28,307,227.66,Neutral
ID_119,Type C,2018-04-29,291,156.62,Neutral
ID_120,Type B,2018-04-30,359,308.16,Negative
ID_121,Type B,2018-05-01,749,472.15,Negative
ID_122,Type B,2018-05-02,597,395.72,Positive
ID_123,Type A,2018-05-03,148,416.11,Negative
ID_124,Type A,2018-05-04,516,156.77,Negative
ID_125,Type D,2018-05-05,375,278.07,Positive
ID_126,Type A,2018-05-06,157,311.81,Negative
ID_127,Type B,2018-05-07,581,85.5,Positive
ID_128,Type C,2018-05-08,401,217.99,Negative
ID_129,Type A,2018-05-09,239,54.02,Positive
ID_130,Type A,2018-05-10,285,72.4,Neutral
ID_131,Type C,2018-05-11,790,410.12,Neutral
ID_132,Type C,2018-05-12,694,150.73,Negative
ID_133,Type B,2018-05-13,587,326.39,Negative
ID_134,Type C,2018-05-14,181,371.94,Positive
ID_135,Type D,2018-05-15,376,77.71,Neutral
ID_136,Type D,2018-05-16,712,432.66,Neutral
ID_137,Type D,2018-05-17,263,60.71,Positive
ID_138,Type B,2018-05-18,74,24.87,Negative
ID_139,Type A,2018-05-19,93,447.32,Negative
ID_140,Type D,2018-05-20,292,379.38,Neutral
ID_141,Type C,2018-05-21,991,302.26,Positive
ID_142,Type B,2018-05-22,831,264.59,Positive
ID_143,Type C,2018-05-23,929,72.25,Neutral
ID_144,Type A,2018-05-24,454,146.9,Positive
ID_145,Type D,2018-05-25,18,271.18,Positive
ID_146,Type A,2018-05-26,179,445.07,Negative
ID_147,Type C,2018-05-27,419,394.38,Neutral
ID_148,Type C,2018-05-28,828,430.2,Neutral
ID_149,Type C,2018-05-29,290,300.41,Positive
ID_150,Type A,2018-05-30,111,306.67,Positive
ID_151,Type B,2018-05-31,377,392.65,Neutral
ID_152,Type B,2018-06-01,29,112.09,Neutral
ID_153,Type D,2018-06-02,205,73.05,Positive
ID_154,Type C,2018-06-03,631,79.8,Positive
ID_155,Type B,2018-06-04,236,79.45,Negative
ID_156,Type B,2018-06-05,229,246.49,Negative
ID_157,Type C,2018-06-06,631,464.45,Neutral
ID_158,Type C,2018-06-07,603,130.14,Negative
ID_159,Type A,2018-06-08,694,14.71,Negative
ID_160,Type B,2018-06-09,723,185.49,Negative
ID_161,Type B,2018-06-10,44,409.02,Negative
ID_162,Type B,2018-06-11,79,189.66,Neutral
ID_163,Type D,2018-06-12,460,411.2,Positive
ID_164,Type C,2018-06-13,174,111.12,Neutral
ID_165,Type A,2018-06-14,194,434.13,Neutral
ID_166,Type C,2018-06-15,981,59.02,Positive
ID_167,Type B,2018-06-16,325,358.27,Negative
ID_168,Type C,2018-06-17,999,51.24,Positive
ID_169,Type B,2018-06-18,884,168.97,Negative
ID_170,Type C,2018-06-19,44,116.34,Negative
ID_171,Type B,2018-06-20,416,376.94,Neutral
ID_172,Type C,2018-06-21,300,147.25,Negative
ID_173,Type B,2018-06-22,686,38.68,Neutral
ID_174,Type B,2018-06-23,699,185.0,Negative
ID_175,Type A,2018-06-24,545,186.59,Positive
ID_176,Type B,2018-06-25,659,28.76,Neutral
ID_177,Type A,2018-06-26,379,159.82,Negative
ID_178,Type C,2018-06-27,519,392.06,Negative
ID_179,Type A,2018-06-28,619,446.18,Negative
ID_180,Type A,2018-06-29,597,293.8,Positive
ID_181,Type A,2018-06-30,813,152.49,Negative
ID_182,Type D,2018-07-01,447,73.23,Negative
ID_183,Type C,2018-07-02,776,270.79,Neutral
ID_184,Type C,2018-07-03,565,228.47,Positive
ID_185,Type D,2018-07-04,40,316.16,Negative
ID_186,Type B,2018-07-05,181,131.65,Neutral
ID_187,Type A,2018-07-06,867,377.78,Neutral
ID_188,Type B,2018-07-07,461,490.93,Negative
ID_189,Type A,2018-07-08,357,480.64,Neutral
ID_190,Type D,2018-07-09,245,38.88,Positive
ID_191,Type D,2018-07-10,826,203.44,Negative
ID_192,Type B,2018-07-11,839,376.76,Negative
ID_193,Type A,2018-07-12,72,238.82,Positive
ID_194,Type C,2018-07-13,449,144.59,Negative
ID_195,Type D,2018-07-14,894,411.6,Neutral
ID_196,Type B,2018-07-15,497,102.67,Neutral
ID_197,Type C,2018-07-16,131,250.89,Negative
ID_198,Type D,2018-07-17,619,412.94,Negative
ID_199,Type C,2018-07-18,546,21.33,Neutral
ID_200,Type D,2018-07-19,196,243.31,Negative
ID_201,Type A,2018-07-20,950,374.19,Negative
ID_202,Type A,2018-07-21,481,219.54,Positive
ID_203,Type B,2018-07-22,997,248.68,Positive
ID_204,Type D,2018-07-23,253,241.12,Positive
ID_205,Type C,2018-07-24,411,13.44,Negative
ID_206,Type A,2018-07-25,372,97.69,Neutral
ID_207,Type B,2018-07-26,593,315.8,Neutral
ID_208,Type A,2018-07-27,11,82.45,Neutral
ID_209,Type C,2018-07-28,457,433.69,Neutral
ID_210,Type C,2018-07-29,422,24.62,Positive
ID_211,Type D,2018-07-30,182,91.95,Negative
ID_212,Type C,2018-07-31,292,304.07,Positive
ID_213,Type C,2018-08-01,469,392.96,Neutral
ID_214,Type C,2018-08-02,42,416.41,Neutral
ID_215,Type A,2018-08-03,93,463.77,Positive
ID_216,Type A,2018-08-04,675,377.55,Positive
ID_217,Type D,2018-08-05,280,171.82,Negative
ID_218,Type A,2018-08-06,272,123.37,Positive
ID_219,Type B,2018-08-07,214,360.9,Negative
ID_220,Type A,2018-08-08,480,178.62,Negative
ID_221,Type C,2018-08-09,118,278.04,Positive
ID_222,Type A,2018-08-10,884,44.48,Positive
ID_223,Type A,2018-08-11,142,14.54,Positive
ID_224,Type B,2018-08-12,981,324.44,Negative
ID_225,Type A,2018-08-13,346,241.6,Positive
ID_226,Type B,2018-08-14,275,33.52,Negative
ID_227,Type A,2018-08-15,854,125.36,Negative
ID_228,Type B,2018-08-16,227,72.36,Negative
ID_229,Type D,2018-08-17,958,282.04,Neutral
ID_230,Type A,2018-08-18,876,119.76,Negative
ID_231,Type C,2018-08-19,882,336.13,Positive
ID_232,Type D,2018-08-20,239,136.02,Positive
ID_233,Type D,2018-08-21,640,433.31,Positive
ID_234,Type C,2018-08-22,385,446.93,Positive
ID_235,Type C,2018-08-23,984,375.66,Negative
ID_236,Type D,2018-08-24,335,426.0,Positive
ID_237,Type A,2018-08-25,998,286.65,Positive
ID_238,Type D,2018-08-26,619,360.09,Negative
ID_239,Type B,2018-08-27,169,54.33,Negative
ID_240,Type C,2018-08-28,954,438.88,Neutral
ID_241,Type A,2018-08-29,150,229.71,Neutral
ID_242,Type B,2018-08-30,803,128.81,Negative
ID_243,Type D,2018-08-31,813,200.63,Positive
ID_244,Type C,2018-09-01,442,426.94,Neutral
ID_245,Type B,2018-09-02,447,459.95,Positive
ID_246,Type A,2018-09-03,638,51.62,Negative
ID_247,Type B,2018-09-04,860,499.02,Negative
ID_248,Type B,2018-09-05,594,382.71,Positive
ID_249,Type B,2018-09-06,778,239.84,Positive
ID_250,Type B,2018-09-07,546,267.9,Positive
ID_251,Type D,2018-09-08,987,127.35,Negative
ID_252,Type C,2018-09-09,50,326.05,Positive
ID_253,Type D,2018-09-10,72,398.85,Positive
ID_254,Type A,2018-09-11,219,30.8,Negative
ID_255,Type C,2018-09-12,925,382.01,Neutral
ID_256,Type A,2018-09-13,407,25.23,Negative
ID_257,Type D,2018-09-14,546,308.57,Positive
ID_258,Type B,2018-09-15,731,214.42,Neutral
ID_259,Type C,2018-09-16,792,69.83,Positive
ID_260,Type B,2018-09-17,684,95.55,Neutral
ID_261,Type B,2018-09-18,378,78.88,Negative
ID_262,Type B,2018-09-19,233,283.39,Neutral
ID_263,Type A,2018-09-20,717,328.63,Neutral
ID_264,Type D,2018-09-21,617,20.31,Positive
ID_265,Type B,2018-09-22,128,97.32,Negative
ID_266,Type D,2018-09-23,14,74.76,Negative
ID_267,Type B,2018-09-24,967,152.49,Positive
ID_268,Type C,2018-09-25,526,31.8,Negative
ID_269,Type C,2018-09-26,483,278.38,Neutral
ID_270,Type B,2018-09-27,721,450.0,Negative
ID_271,Type B,2018-09-28,190,382.21,Positive
ID_272,Type C,2018-09-29,597,177.43,Positive
ID_273,Type A,2018-09-30,671,210.06,Neutral
ID_274,Type B,2018-10-01,12,385.59,Neutral
ID_275,Type C,2018-10-02,138,200.7,Neutral
ID_276,Type C,2018-10-03,995,172.51,Neutral
ID_277,Type D,2018-10-04,165,265.85,Positive
ID_278,Type B,2018-10-05,155,374.37,Negative
ID_279,Type B,2018-10-06,197,196.11,Neutral
ID_280,Type B,2018-10-07,89,209.8,Positive
ID_281,Type B,2018-10-08,333,385.2,Negative
ID_282,Type D,2018-10-09,657,133.26,Positive
ID_283,Type D,2018-10-10,161,178.9,Negative
ID_284,Type C,2018-10-11,85,326.89,Neutral
ID_285,Type D,2018-10-12,36,323.95,Neutral
ID_286,Type C,2018-10-13,475,284.95,Negative
ID_287,Type A,2018-10-14,402,320.92,Negative
ID_288,Type A,2018-10-15,62,417.76,Neutral
ID_289,Type C,2018-10-16,662,174.85,Neutral
ID_290,Type A,2018-10-17,874,131.19,Positive
ID_291,Type D,2018-10-18,629,478.57,Negative
ID_292,Type C,2018-10-19,787,157.94,Neutral
ID_293,Type D,2018-10-20,861,431.42,Negative
ID_294,Type D,2018-10-21,78,260.58,Neutral
ID_295,Type C,2018-10-22,12,428.95,Negative
ID_296,Type B,2018-10-23,438,422.83,Positive
ID_297,Type B,2018-10-24,81,142.52,Negative
ID_298,Type B,2018-10-25,121,138.7,Neutral
ID_299,Type B,2018-10-26,184,207.83,Neutral
ID_300,Type B,2018-10-27,993,275.99,Positive
ID_301,Type B,2018-10-28,683,224.37,Positive
ID_302,Type C,2018-10-29,955,412.26,Neutral
ID_303,Type B,2018-10-30,260,329.06,Negative
ID_304,Type A,2018-10-31,77,197.86,Neutral
ID_305,Type C,2018-11-01,866,406.38,Neutral
ID_306,Type B,2018-11-02,31,493.85,Neutral
ID_307,Type A,2018-11-03,978,400.18,Positive
ID_308,Type C,2018-11-04,720,205.46,Positive
ID_309,Type B,2018-11-05,252,455.74,Neutral
ID_310,Type A,2018-11-06,546,488.85,Positive
ID_311,Type B,2018-11-07,995,277.31,Neutral
ID_312,Type A,2018-11-08,34,353.5,Negative
ID_313,Type B,2018-11-09,979,208.53,Neutral
ID_314,Type B,2018-11-10,939,68.25,Negative
ID_315,Type D,2018-11-11,864,260.64,Neutral
ID_316,Type D,2018-11-12,404,412.63,Positive
ID_317,Type B,2018-11-13,198,309.78,Negative
ID_318,Type A,2018-11-14,829,480.56,Positive
ID_319,Type A,2018-11-15,52,180.53,Negative
ID_320,Type B,2018-11-16,318,119.93,Positive
ID_321,Type A,2018-11-17,528,379.52,Positive
ID_322,Type D,2018-11-18,968,103.55,Negative
ID_323,Type D,2018-11-19,435,88.43,Positive
ID_324,Type D,2018-11-20,546,495.68,Positive
ID_325,Type A,2018-11-21,358,333.04,Neutral
ID_326,Type D,2018-11-22,315,212.76,Neutral
ID_327,Type B,2018-11-23,957,191.13,Neutral
ID_328,Type C,2018-11-24,456,352.62,Neutral
ID_329,Type A,2018-11-25,879,191.13,Positive
ID_330,Type D,2018-11-26,217,228.12,Neutral
ID_331,Type D,2018-11-27,454,355.57,Neutral
ID_332,Type A,2018-11-28,216,347.81,Negative
ID_333,Type A,2018-11-29,742,312.47,Positive
ID_334,Type D,2018-11-30,487,17.77,Neutral
ID_335,Type B,2018-12-01,93,164.13,Positive
ID_336,Type C,2018-12-02,664,490.42,Positive
ID_337,Type A,2018-12-03,257,488.23,Neutral
ID_338,Type A,2018-12-04,4,278.05,Negative
ID_339,Type D,2018-12-05,541,74.51,Neutral
ID_340,Type A,2018-12-06,373,394.75,Positive
ID_341,Type C,2018-12-07,518,175.11,Negative
ID_342,Type C,2018-12-08,797,329.19,Positive
ID_343,Type B,2018-12-09,251,150.34,Neutral
ID_344,Type C,2018-12-10,696,44.3,Neutral
ID_345,Type A,2018-12-11,983,247.25,Positive
ID_346,Type B,2018-12-12,226,225.92,Negative
ID_347,Type D,2018-12-13,906,448.84,Positive
ID_348,Type C,2018-12-14,590,378.85,Negative
ID_349,Type D,2018-12-15,481,43.61,Positive
ID_350,Type A,2018-12-16,930,319.25,Positive
ID_351,Type D,2018-12-17,377,361.56,Negative
ID_352,Type B,2018-12-18,160,350.67,Positive
ID_353,Type D,2018-12-19,184,207.88,Negative
ID_354,Type B,2018-12-20,117,278.03,Neutral
ID_355,Type A,2018-12-21,677,93.11,Negative
ID_356,Type A,2018-12-22,423,312.94,Positive
ID_357,Type A,2018-12-23,482,177.25,Positive
ID_358,Type D,2018-12-24,6,85.02,Negative
ID_359,Type B,2018-12-25,11,200.98,Neutral
ID_360,Type C,2018-12-26,492,434.25,Positive
ID_361,Type D,2018-12-27,371,89.6,Negative
ID_362,Type C,2018-12-28,925,386.41,Neutral
ID_363,Type B,2018-12-29,367,419.4,Negative
ID_364,Type A,2018-12-30,496,112.65,Negative
ID_365,Type C,2018-12-31,222,281.06,Neutral
ID_366,Type C,2019-01-01,936,342.94,Neutral
ID_367,Type B,2019-01-02,535,407.0,Positive
ID_368,Type D,2019-01-03,454,324.83,Neutral
ID_369,Type D,2019-01-04,93,457.82,Neutral
ID_370,Type A,2019-01-05,766,38.5,Neutral
ID_371,Type C,2019-01-06,63,270.6,Negative
ID_372,Type D,2019-01-07,265,126.41,Neutral
ID_373,Type A,2019-01-08,344,12.04,Neutral
ID_374,Type B,2019-01-09,95,275.71,Neutral
ID_375,Type B,2019-01-10,882,25.69,Positive
ID_376,Type B,2019-01-11,918,480.66,Positive
ID_377,Type D,2019-01-12,892,286.3,Negative
ID_378,Type B,2019-01-13,146,229.57,Positive
ID_379,Type C,2019-01-14,835,69.11,Neutral
ID_380,Type A,2019-01-15,313,404.46,Negative
ID_381,Type B,2019-01-16,830,491.61,Positive
ID_382,Type D,2019-01-17,665,36.63,Positive
ID_383,Type A,2019-01-18,211,481.98,Negative
ID_384,Type A,2019-01-19,446,415.45,Neutral
ID_385,Type C,2019-01-20,424,280.36,Negative
ID_386,Type B,2019-01-21,995,257.72,Positive
ID_387,Type A,2019-01-22,736,79.38,Negative
ID_388,Type A,2019-01-23,849,434.14,Neutral
ID_389,Type D,2019-01-24,841,386.58,Neutral
ID_390,Type B,2019-01-25,641,278.41,Positive
ID_391,Type C,2019-01-26,565,464.68,Neutral
ID_392,Type B,2019-01-27,913,239.51,Neutral
ID_393,Type A,2019-01-28,972,230.7,Neutral
ID_394,Type B,2019-01-29,23,213.27,Negative
ID_395,Type C,2019-01-30,752,488.3,Negative
ID_396,Type B,2019-01-31,294,289.08,Neutral
ID_397,Type D,2019-02-01,526,144.51,Neutral
ID_398,Type B,2019-02-02,491,460.68,Positive
ID_399,Type D,2019-02-03,352,465.68,Positive
ID_400,Type D,2019-02-04,147,15.31,Positive
ID_401,Type D,2019-02-05,471,344.88,Negative
ID_402,Type A,2019-02-06,207,188.94,Positive
ID_403,Type A,2019-02-07,370,65.91,Negative
ID_404,Type C,2019-02-08,893,303.04,Neutral
ID_405,Type D,2019-02-09,559,169.83,Negative
ID_406,Type D,2019-02-10,519,204.61,Positive
ID_407,Type A,2019-02-11,236,226.77,Positive
ID_408,Type B,2019-02-12,176,401.8,Positive
ID_409,Type B,2019-02-13,569,135.74,Neutral
ID_410,Type A,2019-02-14,89,226.05,Neutral
ID_411,Type C,2019-02-15,564,122.31,Positive
ID_412,Type D,2019-02-16,499,283.32,Negative
ID_413,Type B,2019-02-17,937,331.75,Neutral
ID_414,Type C,2019-02-18,786,97.39,Negative
ID_415,Type C,2019-02-19,610,214.09,Positive
ID_416,Type D,2019-02-20,323,419.89,Positive
ID_417,Type B,2019-02-21,481,57.39,Neutral
ID_418,Type B,2019-02-22,378,52.82,Negative
ID_419,Type A,2019-02-23,214,87.76,Neutral
ID_420,Type A,2019-02-24,394,425.36,Negative
ID_421,Type C,2019-02-25,761,144.3,Positive
ID_422,Type B,2019-02-26,813,498.99,Neutral
ID_423,Type D,2019-02-27,277,239.48,Positive
ID_424,Type D,2019-02-28,923,40.33,Positive
ID_425,Type C,2019-03-01,937,138.86,Neutral
ID_426,Type A,2019-03-02,155,272.38,Negative
ID_427,Type D,2019-03-03,110,60.95,Positive
ID_428,Type C,2019-03-04,446,325.83,Neutral
ID_429,Type B,2019-03-05,146,377.2,Negative
ID_430,Type D,2019-03-06,339,147.36,Negative
ID_431,Type A,2019-03-07,770,23.94,Negative
ID_432,Type D,2019-03-08,614,225.7,Negative
ID_433,Type A,2019-03-09,135,425.09,Negative
ID_434,Type D,2019-03-10,443,300.05,Neutral
ID_435,Type D,2019-03-11,233,470.97,Neutral
ID_436,Type A,2019-03-12,914,202.37,Negative
ID_437,Type D,2019-03-13,988,270.69,Positive
ID_438,Type D,2019-03-14,642,159.25,Positive
ID_439,Type A,2019-03-15,904,44.04,Neutral
ID_440,Type A,2019-03-16,105,301.82,Positive
ID_441,Type C,2019-03-17,265,435.26,Neutral
ID_442,Type A,2019-03-18,324,64.11,Positive
ID_443,Type B,2019-03-19,343,408.91,Positive
ID_444,Type C,2019-03-20,453,312.05,Neutral
ID_445,Type D,2019-03-21,18,173.86,Negative
ID_446,Type A,2019-03-22,690,196.83,Positive
ID_447,Type B,2019-03-23,622,347.58,Neutral
ID_448,Type D,2019-03-24,755,417.76,Positive
ID_449,Type D,2019-03-25,850,133.11,Negative
ID_450,Type B,2019-03-26,950,253.06,Negative
ID_451,Type C,2019-03-27,804,401.38,Negative
ID_452,Type A,2019-03-28,75,341.67,Neutral
ID_453,Type B,2019-03-29,861,272.3,Negative
ID_454,Type C,2019-03-30,112,102.58,Neutral
ID_455,Type C,2019-03-31,266,300.55,Neutral
ID_456,Type D,2019-04-01,979,53.67,Neutral
ID_457,Type D,2019-04-02,810,489.18,Positive
ID_458,Type D,2019-04-03,588,254.66,Positive
ID_459,Type B,2019-04-04,978,325.71,Positive
ID_460,Type B,2019-04-05,619,432.21,Negative
ID_461,Type C,2019-04-06,759,42.48,Neutral
ID_462,Type B,2019-04-07,943,53.62,Negative
ID_463,Type C,2019-04-08,139,248.46,Positive
ID_464,Type A,2019-04-09,45,479.46,Neutral
ID_465,Type D,2019-04-10,633,122.43,Positive
ID_466,Type D,2019-04-11,932,359.03,Neutral
ID_467,Type A,2019-04-12,317,303.75,Negative
ID_468,Type C,2019-04-13,595,342.84,Negative
ID_469,Type B,2019-04-14,245,458.08,Neutral
ID_470,Type A,2019-04-15,829,178.42,Positive
ID_471,Type C,2019-04-16,972,186.5,Positive
ID_472,Type B,2019-04-17,480,452.7,Negative
ID_473,Type C,2019-04-18,428,45.81,Neutral
ID_474,Type C,2019-04-19,407,426.67,Negative
ID_475,Type B,2019-04-20,803,391.28,Negative
ID_476,Type C,2019-04-21,307,348.06,Neutral
ID_477,Type C,2019-04-22,782,108.32,Neutral
ID_478,Type B,2019-04-23,502,400.71,Negative
ID_479,Type C,2019-04-24,14,289.14,Neutral
ID_480,Type D,2019-04-25,597,157.73,Negative
ID_481,Type C,2019-04-26,660,298.15,Negative
ID_482,Type B,2019-04-27,436,396.89,Positive
ID_483,Type B,2019-04-28,278,371.83,Neutral
ID_484,Type A,2019-04-29,915,349.31,Negative
ID_485,Type B,2019-04-30,699,303.73,Positive
ID_486,Type B,2019-05-01,53,352.78,Positive
ID_487,Type C,2019-05-02,134,190.54,Neutral
ID_488,Type B,2019-05-03,330,202.62,Negative
ID_489,Type B,2019-05-04,714,254.82,Neutral
ID_490,Type A,2019-05-05,190,18.53,Neutral
ID_491,Type B,2019-05-06,853,437.71,Neutral
ID_492,Type A,2019-05-07,63,430.75,Negative
ID_493,Type C,2019-05-08,560,442.53,Neutral
ID_494,Type A,2019-05-09,839,84.77,Neutral
ID_495,Type C,2019-05-10,813,95.91,Neutral
ID_496,Type B,2019-05-11,352,112.99,Positive
ID_497,Type B,2019-05-12,471,384.06,Neutral
ID_498,Type C,2019-05-13,769,412.71,Neutral
ID_499,Type B,2019-05-14,115,452.35,Positive
ID_500,Type C,2019-05-15,708,483.93,Neutral
ID_501,Type B,2019-05-16,333,397.56,Neutral
ID_502,Type A,2019-05-17,661,90.12,Negative
ID_503,Type A,2019-05-18,991,390.8,Neutral
ID_504,Type D,2019-05-19,200,174.96,Positive
ID_505,Type D,2019-05-20,104,473.22,Negative
ID_506,Type C,2019-05-21,713,173.04,Negative
ID_507,Type A,2019-05-22,516,55.11,Negative
ID_508,Type C,2019-05-23,213,120.31,Neutral
ID_509,Type B,2019-05-24,889,151.88,Negative
ID_510,Type C,2019-05-25,182,246.34,Negative
ID_511,Type D,2019-05-26,367,467.83,Negative
ID_512,Type B,2019-05-27,534,13.67,Neutral
ID_513,Type C,2019-05-28,912,480.07,Negative
ID_514,Type D,2019-05-29,419,245.56,Positive
ID_515,Type B,2019-05-30,108,72.2,Positive
ID_516,Type B,2019-05-31,168,22.55,Positive
ID_517,Type B,2019-06-01,864,221.15,Positive
ID_518,Type D,2019-06-02,619,415.35,Positive
ID_519,Type D,2019-06-03,735,229.48,Negative
ID_520,Type C,2019-06-04,321,231.03,Neutral
ID_521,Type D,2019-06-05,593,136.0,Negative
ID_522,Type C,2019-06-06,913,242.54,Positive
ID_523,Type C,2019-06-07,125,282.02,Negative
ID_524,Type A,2019-06-08,154,440.28,Neutral
ID_525,Type C,2019-06-09,208,203.89,Negative
ID_526,Type C,2019-06-10,893,475.21,Positive
ID_527,Type C,2019-06-11,461,439.68,Neutral
ID_528,Type A,2019-06-12,384,185.42,Neutral
ID_529,Type D,2019-06-13,430,241.8,Neutral
ID_530,Type D,2019-06-14,727,281.07,Negative
ID_531,Type D,2019-06-15,396,228.88,Positive
ID_532,Type C,2019-06-16,321,31.72,Negative
ID_533,Type A,2019-06-17,4,185.05,Positive
ID_534,Type C,2019-06-18,895,248.08,Negative
ID_535,Type A,2019-06-19,892,338.47,Neutral
ID_536,Type B,2019-06-20,876,106.97,Neutral
ID_537,Type C,2019-06-21,210,253.18,Positive
ID_538,Type D,2019-06-22,472,374.91,Negative
ID_539,Type A,2019-06-23,96,100.83,Positive
ID_540,Type C,2019-06-24,209,190.16,Positive
ID_541,Type C,2019-06-25,426,184.83,Negative
ID_542,Type A,2019-06-26,548,42.58,Positive
ID_543,Type A,2019-06-27,255,279.68,Positive
ID_544,Type D,2019-06-28,624,381.27,Positive
ID_545,Type C,2019-06-29,519,17.74,Negative
ID_546,Type A,2019-06-30,82,34.38,Positive
ID_547,Type A,2019-07-01,760,370.54,Positive
ID_548,Type A,2019-07-02,632,422.5,Negative
ID_549,Type B,2019-07-03,621,445.59,Positive
ID_550,Type A,2019-07-04,638,27.58,Negative
ID_551,Type C,2019-07-05,149,69.91,Positive
ID_552,Type B,2019-07-06,67,271.09,Neutral
ID_553,Type A,2019-07-07,436,443.18,Negative
ID_554,Type B,2019-07-08,177,494.14,Negative
ID_555,Type C,2019-07-09,967,229.65,Neutral
ID_556,Type A,2019-07-10,642,229.99,Positive
ID_557,Type A,2019-07-11,510,134.86,Negative
ID_558,Type B,2019-07-12,117,10.5,Negative
ID_559,Type C,2019-07-13,730,369.34,Positive
ID_560,Type D,2019-07-14,120,127.3,Negative
ID_561,Type C,2019-07-15,544,186.28,Positive
ID_562,Type B,2019-07-16,377,428.8,Neutral
ID_563,Type C,2019-07-17,456,263.04,Negative
ID_564,Type A,2019-07-18,844,249.34,Neutral
ID_565,Type D,2019-07-19,516,309.85,Negative
ID_566,Type C,2019-07-20,390,233.43,Positive
ID_567,Type C,2019-07-21,409,325.8,Neutral
ID_568,Type C,2019-07-22,734,187.59,Positive
ID_569,Type A,2019-07-23,745,307.22,Negative
ID_570,Type D,2019-07-24,376,21.68,Neutral
ID_571,Type A,2019-07-25,896,392.4,Positive
ID_572,Type D,2019-07-26,92,212.89,Neutral
ID_573,Type C,2019-07-27,138,462.15,Positive
ID_574,Type D,2019-07-28,847,389.85,Negative
ID_575,Type B,2019-07-29,92,495.67,Positive
ID_576,Type A,2019-07-30,816,346.79,Negative
ID_577,Type A,2019-07-31,818,75.38,Negative
ID_578,Type B,2019-08-01,822,195.09,Positive
ID_579,Type A,2019-08-02,888,481.35,Positive
ID_580,Type B,2019-08-03,155,445.21,Neutral
ID_581,Type D,2019-08-04,834,408.86,Neutral
ID_582,Type D,2019-08-05,984,380.51,Neutral
ID_583,Type C,2019-08-06,77,479.83,Negative
ID_584,Type B,2019-08-07,800,485.66,Negative
ID_585,Type B,2019-08-08,337,413.08,Positive
ID_586,Type C,2019-08-09,756,456.71,Neutral
ID_587,Type C,2019-08-10,860,88.22,Neutral
ID_588,Type A,2019-08-11,231,122.55,Neutral
ID_589,Type A,2019-08-12,569,383.23,Negative
ID_590,Type C,2019-08-13,376,380.39,Neutral
ID_591,Type C,2019-08-14,690,430.97,Positive
ID_592,Type D,2019-08-15,681,263.78,Neutral
ID_593,Type C,2019-08-16,380,59.86,Positive
ID_594,Type B,2019-08-17,829,66.79,Negative
ID_595,Type A,2019-08-18,517,473.27,Positive
ID_596,Type B,2019-08-19,292,120.94,Positive
ID_597,Type D,2019-08-20,780,391.87,Negative
ID_598,Type B,2019-08-21,231,51.83,Negative
ID_599,Type B,2019-08-22,995,154.6,Neutral
ID_600,Type C,2019-08-23,520,130.37,Neutral
ID_601,Type D,2019-08-24,224,403.29,Positive
ID_602,Type D,2019-08-25,78,142.38,Positive
ID_603,Type A,2019-08-26,342,456.04,Neutral
ID_604,Type B,2019-08-27,636,330.98,Positive
ID_605,Type A,2019-08-28,928,12.59,Positive
ID_606,Type D,2019-08-29,670,106.24,Positive
ID_607,Type D,2019-08-30,253,396.44,Positive
ID_608,Type A,2019-08-31,197,107.33,Positive
ID_609,Type B,2019-09-01,463,292.91,Neutral
ID_610,Type A,2019-09-02,447,147.18,Negative
ID_611,Type D,2019-09-03,737,180.6,Positive
ID_612,Type C,2019-09-04,376,188.56,Neutral
ID_613,Type C,2019-09-05,324,56.24,Neutral
ID_614,Type B,2019-09-06,937,330.49,Neutral
ID_615,Type D,2019-09-07,337,422.76,Neutral
ID_616,Type D,2019-09-08,512,400.14,Positive
ID_617,Type A,2019-09-09,185,245.5,Neutral
ID_618,Type D,2019-09-10,982,136.99,Neutral
ID_619,Type B,2019-09-11,368,422.23,Negative
ID_620,Type D,2019-09-12,942,217.79,Negative
ID_621,Type D,2019-09-13,619,141.53,Positive
ID_622,Type D,2019-09-14,178,414.47,Positive
ID_623,Type C,2019-09-15,894,346.07,Neutral
ID_624,Type A,2019-09-16,118,233.63,Negative
ID_625,Type B,2019-09-17,710,491.14,Negative
ID_626,Type B,2019-09-18,889,238.63,Positive
ID_627,Type D,2019-09-19,582,207.0,Neutral
ID_628,Type C,2019-09-20,933,24.05,Neutral
ID_629,Type D,2019-09-21,301,226.39,Neutral
ID_630,Type D,2019-09-22,632,499.14,Negative
ID_631,Type D,2019-09-23,768,165.63,Negative
ID_632,Type C,2019-09-24,393,434.14,Negative
ID_633,Type D,2019-09-25,507,429.59,Neutral
ID_634,Type D,2019-09-26,723,456.49,Negative
ID_635,Type B,2019-09-27,781,263.04,Neutral
ID_636,Type A,2019-09-28,61,471.08,Negative
ID_637,Type B,2019-09-29,403,247.17,Neutral
ID_638,Type A,2019-09-30,105,201.02,Neutral
ID_639,Type A,2019-10-01,145,194.49,Neutral
ID_640,Type C,2019-10-02,172,153.31,Negative
ID_641,Type B,2019-10-03,424,488.73,Neutral
ID_642,Type A,2019-10-04,575,221.76,Neutral
ID_643,Type D,2019-10-05,49,62.25,Negative
ID_644,Type B,2019-10-06,901,102.07,Negative
ID_645,Type B,2019-10-07,277,81.32,Positive
ID_646,Type A,2019-10-08,577,192.78,Positive
ID_647,Type A,2019-10-09,382,383.25,Negative
ID_648,Type A,2019-10-10,715,391.73,Negative
ID_649,Type D,2019-10-11,710,333.66,Negative
ID_650,Type C,2019-10-12,728,316.56,Negative
ID_651,Type A,2019-10-13,644,306.7,Neutral
ID_652,Type B,2019-10-14,856,146.25,Positive
ID_653,Type C,2019-10-15,602,409.88,Neutral
ID_654,Type B,2019-10-16,14,357.21,Negative
ID_655,Type C,2019-10-17,537,226.0,Neutral
ID_656,Type C,2019-10-18,870,361.79,Positive
ID_657,Type C,2019-10-19,126,331.9,Negative
ID_658,Type D,2019-10-20,796,360.49,Positive
ID_659,Type C,2019-10-21,919,297.17,Negative
ID_660,Type C,2019-10-22,7,148.78,Negative
ID_661,Type A,2019-10-23,644,97.49,Neutral
ID_662,Type A,2019-10-24,717,273.47,Negative
ID_663,Type C,2019-10-25,576,134.22,Neutral
ID_664,Type D,2019-10-26,489,127.24,Positive
ID_665,Type A,2019-10-27,3,212.33,Positive
ID_666,Type B,2019-10-28,300,457.44,Positive
ID_667,Type D,2019-10-29,760,489.44,Negative
ID_668,Type A,2019-10-30,917,389.01,Negative
ID_669,Type D,2019-10-31,647,496.49,Neutral
ID_670,Type B,2019-11-01,347,30.69,Positive
ID_671,Type B,2019-11-02,522,168.81,Neutral
ID_672,Type A,2019-11-03,172,305.63,Neutral
ID_673,Type C,2019-11-04,94,308.99,Negative
ID_674,Type C,2019-11-05,989,231.67,Negative
ID_675,Type A,2019-11-06,880,101.54,Neutral
ID_676,Type D,2019-11-07,770,442.68,Positive
ID_677,Type B,2019-11-08,137,467.45,Negative
ID_678,Type C,2019-11-09,85,194.06,Negative
ID_679,Type D,2019-11-10,774,64.32,Positive
ID_680,Type B,2019-11-11,462,49.56,Positive
ID_681,Type D,2019-11-12,915,402.25,Neutral
ID_682,Type B,2019-11-13,781,413.05,Neutral
ID_683,Type C,2019-11-14,781,133.4,Negative
ID_684,Type A,2019-11-15,241,134.31,Negative
ID_685,Type C,2019-11-16,878,182.3,Neutral
ID_686,Type C,2019-11-17,2,490.04,Negative
ID_687,Type C,2019-11-18,542,351.26,Neutral
ID_688,Type C,2019-11-19,905,118.44,Positive
ID_689,Type C,2019-11-20,361,358.83,Negative
ID_690,Type A,2019-11-21,111,193.85,Positive
ID_691,Type C,2019-11-22,580,154.35,Positive
ID_692,Type B,2019-11-23,915,99.51,Neutral
ID_693,Type D,2019-11-24,608,360.24,Positive
ID_694,Type C,2019-11-25,42,378.38,Negative
ID_695,Type A,2019-11-26,233,11.36,Neutral
ID_696,Type A,2019-11-27,521,262.51,Positive
ID_697,Type A,2019-11-28,326,218.65,Positive
ID_698,Type D,2019-11-29,312,181.38,Negative
ID_699,Type A,2019-11-30,573,71.84,Negative
ID_700,Type B,2019-12-01,195,72.0,Neutral
ID_701,Type D,2019-12-02,783,480.04,Neutral
ID_702,Type D,2019-12-03,771,93.65,Neutral
ID_703,Type B,2019-12-04,765,77.98,Positive
ID_704,Type B,2019-12-05,70,12.97,Positive
ID_705,Type D,2019-12-06,788,391.68,Positive
ID_706,Type B,2019-12-07,776,71.16,Positive
ID_707,Type C,2019-12-08,179,260.87,Positive
ID_708,Type C,2019-12-09,302,142.55,Negative
ID_709,Type C,2019-12-10,599,53.38,Positive
ID_710,Type C,2019-12-11,904,335.04,Negative
ID_711,Type D,2019-12-12,263,260.89,Positive
ID_712,Type B,2019-12-13,307,39.1,Negative
ID_713,Type B,2019-12-14,903,17.92,Positive
ID_714,Type A,2019-12-15,445,16.09,Positive
ID_715,Type C,2019-12-16,105,459.9,Positive
ID_716,Type B,2019-12-17,411,297.49,Neutral
ID_717,Type A,2019-12-18,981,170.4,Neutral
ID_718,Type C,2019-12-19,39,291.09,Positive
ID_719,Type A,2019-12-20,298,158.82,Positive
ID_720,Type C,2019-12-21,807,310.39,Neutral
ID_721,Type B,2019-12-22,69,377.16,Negative
ID_722,Type C,2019-12-23,740,174.5,Positive
ID_723,Type D,2019-12-24,600,440.71,Negative
ID_724,Type B,2019-12-25,962,32.47,Negative
ID_725,Type C,2019-12-26,377,222.44,Negative
ID_726,Type A,2019-12-27,569,309.05,Negative
ID_727,Type A,2019-12-28,925,451.82,Neutral
ID_728,Type C,2019-12-29,837,231.75,Neutral
ID_729,Type D,2019-12-30,639,447.47,Neutral
ID_730,Type D,2019-12-31,970,282.19,Neutral
ID_731,Type A,2020-01-01,222,35.39,Negative
ID_732,Type A,2020-01-02,956,112.25,Positive
ID_733,Type B,2020-01-03,633,193.63,Negative
ID_734,Type A,2020-01-04,653,162.27,Negative
ID_735,Type B,2020-01-05,940,437.95,Positive
ID_736,Type B,2020-01-06,203,316.04,Positive
ID_737,Type D,2020-01-07,324,334.74,Negative
ID_738,Type C,2020-01-08,20,294.29,Negative
ID_739,Type C,2020-01-09,673,265.56,Neutral
ID_740,Type A,2020-01-10,310,464.34,Neutral
ID_741,Type B,2020-01-11,389,134.8,Negative
ID_742,Type D,2020-01-12,78,219.16,Neutral
ID_743,Type A,2020-01-13,936,31.69,Neutral
ID_744,Type C,2020-01-14,869,131.11,Neutral
ID_745,Type A,2020-01-15,349,58.46,Negative
ID_746,Type C,2020-01-16,320,175.41,Neutral
ID_747,Type A,2020-01-17,437,210.36,Neutral
ID_748,Type C,2020-01-18,506,415.05,Positive
ID_749,Type C,2020-01-19,512,198.8,Positive
ID_750,Type C,2020-01-20,292,281.83,Positive
ID_751,Type D,2020-01-21,363,262.37,Neutral
ID_752,Type D,2020-01-22,237,62.15,Neutral
ID_753,Type D,2020-01-23,4,262.54,Neutral
ID_754,Type C,2020-01-24,845,433.78,Neutral
ID_755,Type D,2020-01-25,159,481.54,Positive
ID_756,Type D,2020-01-26,482,226.65,Positive
ID_757,Type C,2020-01-27,277,80.81,Positive
ID_758,Type A,2020-01-28,294,239.0,Negative
ID_759,Type D,2020-01-29,630,49.59,Neutral
ID_760,Type B,2020-01-30,128,191.0,Neutral
ID_761,Type C,2020-01-31,397,191.41,Neutral
ID_762,Type A,2020-02-01,996,130.7,Negative
ID_763,Type D,2020-02-02,143,242.03,Negative
ID_764,Type D,2020-02-03,771,45.84,Positive
ID_765,Type C,2020-02-04,308,442.94,Positive
ID_766,Type A,2020-02-05,711,141.74,Neutral
ID_767,Type D,2020-02-06,484,478.67,Negative
ID_768,Type C,2020-02-07,905,382.52,Negative
ID_769,Type A,2020-02-08,624,34.46,Negative
ID_770,Type C,2020-02-09,527,327.86,Positive
ID_771,Type D,2020-02-10,950,212.95,Positive
ID_772,Type B,2020-02-11,4,496.31,Negative
ID_773,Type B,2020-02-12,17,391.44,Neutral
ID_774,Type A,2020-02-13,515,224.9,Positive
ID_775,Type B,2020-02-14,595,434.73,Positive
ID_776,Type D,2020-02-15,868,28.17,Negative
ID_777,Type B,2020-02-16,374,60.18,Positive
ID_778,Type D,2020-02-17,666,388.05,Negative
ID_779,Type C,2020-02-18,141,94.84,Neutral
ID_780,Type A,2020-02-19,2,208.66,Positive
ID_781,Type B,2020-02-20,39,475.02,Neutral
ID_782,Type D,2020-02-21,535,52.9,Negative
ID_783,Type C,2020-02-22,721,314.07,Neutral
ID_784,Type B,2020-02-23,938,258.56,Positive
ID_785,Type C,2020-02-24,963,240.33,Negative
ID_786,Type B,2020-02-25,162,324.16,Negative
ID_787,Type B,2020-02-26,124,71.24,Negative
ID_788,Type B,2020-02-27,83,398.2,Negative
ID_789,Type A,2020-02-28,443,210.04,Negative
ID_790,Type D,2020-02-29,145,10.74,Positive
ID_791,Type A,2020-03-01,521,10.61,Positive
ID_792,Type D,2020-03-02,504,481.01,Neutral
ID_793,Type C,2020-03-03,711,249.44,Neutral
ID_794,Type D,2020-03-04,310,286.86,Positive
ID_795,Type C,2020-03-05,60,429.25,Positive
ID_796,Type C,2020-03-06,650,151.68,Neutral
ID_797,Type D,2020-03-07,993,301.96,Negative
ID_798,Type A,2020-03-08,669,352.63,Positive
ID_799,Type D,2020-03-09,250,19.73,Positive
ID_800,Type B,2020-03-10,699,360.14,Negative
ID_801,Type C,2020-03-11,495,413.53,Negative
ID_802,Type A,2020-03-12,630,120.1,Negative
ID_803,Type B,2020-03-13,261,285.14,Negative
ID_804,Type B,2020-03-14,529,23.02,Negative
ID_805,Type B,2020-03-15,207,260.32,Positive
ID_806,Type B,2020-03-16,430,64.28,Positive
ID_807,Type C,2020-03-17,133,217.99,Neutral
ID_808,Type C,2020-03-18,885,209.27,Neutral
ID_809,Type D,2020-03-19,135,440.51,Positive
ID_810,Type B,2020-03-20,123,142.43,Positive
ID_811,Type B,2020-03-21,175,302.12,Negative
ID_812,Type D,2020-03-22,483,280.03,Neutral
ID_813,Type D,2020-03-23,629,411.69,Negative
ID_814,Type A,2020-03-24,319,488.08,Neutral
ID_815,Type A,2020-03-25,35,306.62,Positive
ID_816,Type A,2020-03-26,972,348.59,Negative
ID_817,Type A,2020-03-27,220,207.42,Neutral
ID_818,Type A,2020-03-28,970,489.38,Negative
ID_819,Type D,2020-03-29,137,370.03,Neutral
ID_820,Type D,2020-03-30,877,55.56,Positive
ID_821,Type A,2020-03-31,984,11.56,Neutral
ID_822,Type B,2020-04-01,886,135.21,Positive
ID_823,Type C,2020-04-02,165,26.56,Negative
ID_824,Type A,2020-04-03,400,303.19,Neutral
ID_825,Type B,2020-04-04,575,12.15,Negative
ID_826,Type D,2020-04-05,645,379.76,Neutral
ID_827,Type A,2020-04-06,789,469.63,Neutral
ID_828,Type C,2020-04-07,625,476.9,Positive
ID_829,Type B,2020-04-08,901,61.76,Negative
ID_830,Type C,2020-04-09,286,209.58,Positive
ID_831,Type C,2020-04-10,969,146.39,Neutral
ID_832,Type B,2020-04-11,928,368.76,Neutral
ID_833,Type A,2020-04-12,963,425.28,Neutral
ID_834,Type D,2020-04-13,361,10.82,Negative
ID_835,Type A,2020-04-14,253,327.14,Negative
ID_836,Type A,2020-04-15,460,429.11,Positive
ID_837,Type C,2020-04-16,267,267.22,Negative
ID_838,Type C,2020-04-17,986,216.16,Positive
ID_839,Type B,2020-04-18,711,452.07,Positive
ID_840,Type A,2020-04-19,985,31.07,Negative
ID_841,Type A,2020-04-20,305,127.46,Negative
ID_842,Type B,2020-04-21,988,200.41,Positive
ID_843,Type B,2020-04-22,883,371.95,Positive
ID_844,Type A,2020-04-23,996,169.79,Negative
ID_845,Type A,2020-04-24,992,333.09,Positive
ID_846,Type B,2020-04-25,391,429.25,Negative
ID_847,Type B,2020-04-26,137,352.96,Negative
ID_848,Type A,2020-04-27,906,302.84,Positive
ID_849,Type D,2020-04-28,493,151.17,Negative
ID_850,Type C,2020-04-29,421,401.93,Positive
ID_851,Type A,2020-04-30,712,325.19,Positive
ID_852,Type A,2020-05-01,809,203.43,Positive
ID_853,Type A,2020-05-02,844,126.2,Positive
ID_854,Type D,2020-05-03,224,367.31,Negative
ID_855,Type D,2020-05-04,568,344.34,Positive
ID_856,Type B,2020-05-05,790,160.71,Negative
ID_857,Type A,2020-05-06,74,409.64,Negative
ID_858,Type A,2020-05-07,273,470.73,Positive
ID_859,Type D,2020-05-08,503,212.8,Neutral
ID_860,Type C,2020-05-09,338,105.53,Negative
ID_861,Type B,2020-05-10,248,251.79,Neutral
ID_862,Type B,2020-05-11,418,142.26,Positive
ID_863,Type D,2020-05-12,343,446.32,Positive
ID_864,Type B,2020-05-13,67,404.42,Positive
ID_865,Type C,2020-05-14,320,343.12,Neutral
ID_866,Type B,2020-05-15,206,305.5,Positive
ID_867,Type A,2020-05-16,219,82.51,Positive
ID_868,Type C,2020-05-17,768,406.06,Negative
ID_869,Type A,2020-05-18,165,232.44,Neutral
ID_870,Type B,2020-05-19,443,47.59,Positive
ID_871,Type B,2020-05-20,702,472.61,Neutral
ID_872,Type D,2020-05-21,376,45.81,Positive
ID_873,Type D,2020-05-22,789,206.74,Positive
ID_874,Type C,2020-05-23,367,62.18,Negative
ID_875,Type A,2020-05-24,927,497.15,Negative
ID_876,Type C,2020-05-25,556,58.03,Neutral
ID_877,Type B,2020-05-26,641,445.98,Positive
ID_878,Type D,2020-05-27,446,58.42,Negative
ID_879,Type C,2020-05-28,542,486.52,Positive
ID_880,Type D,2020-05-29,767,267.31,Positive
ID_881,Type C,2020-05-30,394,115.2,Positive
ID_882,Type A,2020-05-31,772,429.66,Neutral
ID_883,Type C,2020-06-01,429,217.04,Negative
ID_884,Type B,2020-06-02,716,49.09,Positive
ID_885,Type C,2020-06-03,993,13.28,Neutral
ID_886,Type B,2020-06-04,901,196.07,Positive
ID_887,Type D,2020-06-05,786,198.18,Neutral
ID_888,Type C,2020-06-06,306,66.26,Negative
ID_889,Type B,2020-06-07,130,68.6,Neutral
ID_890,Type A,2020-06-08,57,133.31,Neutral
ID_891,Type B,2020-06-09,894,105.64,Neutral
ID_892,Type D,2020-06-10,595,274.76,Negative
ID_893,Type B,2020-06-11,989,35.82,Neutral
ID_894,Type C,2020-06-12,811,227.73,Positive
ID_895,Type A,2020-06-13,368,483.11,Positive
ID_896,Type C,2020-06-14,590,457.15,Neutral
ID_897,Type B,2020-06-15,235,170.48,Positive
ID_898,Type C,2020-06-16,294,493.77,Negative
ID_899,Type D,2020-06-17,493,26.9,Neutral
ID_900,Type B,2020-06-18,703,26.0,Negative
ID_901,Type D,2020-06-19,828,46.42,Neutral
ID_902,Type B,2020-06-20,512,425.61,Positive
ID_903,Type B,2020-06-21,350,331.02,Negative
ID_904,Type D,2020-06-22,145,158.56,Negative
ID_905,Type B,2020-06-23,346,131.91,Neutral
ID_906,Type B,2020-06-24,251,229.1,Neutral
ID_907,Type C,2020-06-25,16,70.08,Positive
ID_908,Type A,2020-06-26,226,78.51,Negative
ID_909,Type C,2020-06-27,138,499.55,Neutral
ID_910,Type D,2020-06-28,690,374.07,Neutral
ID_911,Type D,2020-06-29,563,230.34,Positive
ID_912,Type A,2020-06-30,887,236.06,Neutral
ID_913,Type D,2020-07-01,36,193.65,Negative
ID_914,Type A,2020-07-02,654,55.66,Positive
ID_915,Type D,2020-07-03,374,186.59,Negative
ID_916,Type D,2020-07-04,509,190.72,Positive
ID_917,Type C,2020-07-05,649,304.41,Positive
ID_918,Type B,2020-07-06,958,191.71,Neutral
ID_919,Type A,2020-07-07,3,453.28,Negative
ID_920,Type A,2020-07-08,533,117.1,Positive
ID_921,Type B,2020-07-09,460,247.34,Positive
ID_922,Type A,2020-07-10,183,477.1,Negative
ID_923,Type B,2020-07-11,463,300.71,Neutral
ID_924,Type A,2020-07-12,667,342.95,Neutral
ID_925,Type D,2020-07-13,810,183.33,Negative
ID_926,Type B,2020-07-14,180,102.8,Negative
ID_927,Type D,2020-07-15,654,251.77,Positive
ID_928,Type D,2020-07-16,743,447.26,Positive
ID_929,Type A,2020-07-17,346,152.2,Neutral
ID_930,Type B,2020-07-18,439,482.61,Neutral
ID_931,Type A,2020-07-19,221,122.33,Negative
ID_932,Type C,2020-07-20,646,101.0,Negative
ID_933,Type B,2020-07-21,946,419.53,Neutral
ID_934,Type C,2020-07-22,124,344.11,Negative
ID_935,Type B,2020-07-23,909,425.39,Positive
ID_936,Type B,2020-07-24,995,220.41,Negative
ID_937,Type C,2020-07-25,379,77.25,Positive
ID_938,Type C,2020-07-26,443,339.08,Neutral
ID_939,Type B,2020-07-27,489,221.67,Neutral
ID_940,Type D,2020-07-28,572,338.87,Neutral
ID_941,Type D,2020-07-29,75,164.71,Neutral
ID_942,Type D,2020-07-30,383,183.8,Positive
ID_943,Type B,2020-07-31,212,486.3,Neutral
ID_944,Type D,2020-08-01,990,310.15,Neutral
ID_945,Type A,2020-08-02,135,434.61,Negative
ID_946,Type D,2020-08-03,420,448.15,Neutral
ID_947,Type D,2020-08-04,904,381.03,Neutral
ID_948,Type C,2020-08-05,19,351.82,Neutral
ID_949,Type B,2020-08-06,521,242.68,Positive
ID_950,Type A,2020-08-07,753,245.1,Neutral
ID_951,Type A,2020-08-08,520,401.28,Positive
ID_952,Type C,2020-08-09,494,182.41,Neutral
ID_953,Type C,2020-08-10,451,223.69,Negative
ID_954,Type C,2020-08-11,711,74.61,Neutral
ID_955,Type D,2020-08-12,429,259.6,Neutral
ID_956,Type C,2020-08-13,863,27.65,Positive
ID_957,Type A,2020-08-14,782,138.75,Negative
ID_958,Type A,2020-08-15,533,475.06,Neutral
ID_959,Type B,2020-08-16,688,155.75,Negative
ID_960,Type B,2020-08-17,732,12.93,Positive
ID_961,Type D,2020-08-18,778,330.12,Negative
ID_962,Type A,2020-08-19,624,340.67,Neutral
ID_963,Type D,2020-08-20,490,141.59,Negative
ID_964,Type D,2020-08-21,787,222.02,Positive
ID_965,Type D,2020-08-22,622,409.69,Neutral
ID_966,Type A,2020-08-23,166,382.77,Neutral
ID_967,Type A,2020-08-24,970,193.44,Positive
ID_968,Type B,2020-08-25,215,24.63,Negative
ID_969,Type D,2020-08-26,390,408.62,Positive
ID_970,Type A,2020-08-27,77,292.03,Positive
ID_971,Type A,2020-08-28,891,484.66,Positive
ID_972,Type D,2020-08-29,366,235.9,Neutral
ID_973,Type D,2020-08-30,868,25.91,Negative
ID_974,Type C,2020-08-31,805,408.23,Neutral
ID_975,Type D,2020-09-01,227,447.88,Negative
ID_976,Type D,2020-09-02,478,286.01,Positive
ID_977,Type D,2020-09-03,506,276.15,Positive
ID_978,Type D,2020-09-04,326,210.9,Neutral
ID_979,Type B,2020-09-05,64,346.96,Neutral
ID_980,Type B,2020-09-06,439,276.16,Neutral
ID_981,Type B,2020-09-07,607,245.1,Negative
ID_982,Type A,2020-09-08,74,198.3,Positive
ID_983,Type B,2020-09-09,160,467.71,Neutral
ID_984,Type A,2020-09-10,913,452.9,Neutral
ID_985,Type D,2020-09-11,97,195.3,Positive
ID_986,Type D,2020-09-12,380,102.18,Positive
ID_987,Type C,2020-09-13,634,419.54,Negative
ID_988,Type D,2020-09-14,859,437.63,Positive
ID_989,Type B,2020-09-15,923,311.22,Negative
ID_990,Type B,2020-09-16,473,49.99,Negative
ID_991,Type B,2020-09-17,297,464.11,Positive
ID_992,Type B,2020-09-18,179,144.03,Neutral
ID_993,Type A,2020-09-19,624,252.17,Neutral
ID_994,Type D,2020-09-20,685,267.19,Neutral
ID_995,Type B,2020-09-21,530,326.53,Negative
ID_996,Type A,2020-09-22,675,177.91,Negative
ID_997,Type D,2020-09-23,577,232.2,Positive
ID_998,Type B,2020-09-24,672,57.71,Positive
ID_999,Type B,2020-09-25,449,11.1,Neutral
ID_1000,Type A,2020-09-26,631,60.88,Neutral
